m1,m2,m3,m4,m5,m6,m7,m8,m9,m10,m11,m12,m13
Filename,Filename,Filename,Filename,Filename,Filename,Filename,Filename,Filename,Filename,Filename,Filename,Filename
--------,--------,--------,--------,--------,--------,--------,--------,--------,--------,--------,--------,--------
ammolock,ammoarcgun,ammoarcgun,abridg01,alien01,a1tpaccess,ammoarcgun,ammoarcgun,ammoarcgun,ammoarcgun,ammoarcgun,ammoarcgun,ammoarcgun
arcgun01,ammolasdes,ammolasdes,ammoarcgun,alien02,a1_cave2,ammolasdes,ammolasdes,ammolasdes,ammolasdes,ammolasdes,ammolasdes,ammolasdes
arcgun02,ammolaser,ammolaser,ammolasdes,alien03,a1_clif1,ammolaser,ammolaser,ammolaser,ammolaser,ammolaser,ammolaser,ammolaser
aztec01,ammolock,ammolock,ammolaser,alien04,a1_ocean,ammolock,ammolock,ammolock,ammolock,ammolock,ammolock,ammolock
aztec02,ammosonic,ammosonic,ammolock,alien05,a1_rock1,ammosonic,ammosonic,ammosonic,ammosonic,ammosonic,ammosonic,ammosonic
aztec03,amphchip,arcgun01,ammosonic,alien06,a1_sand1,amphchip,amphchip,amphchip,amphchip,amphchip,amphchip,amphchip
aztec04,amphib01,arcgun02,amphchip,alien07,a1_sand2,arcgun01,arcgun01,arcgun01,arcgun01,arcgun01,arcgun01,arcgun01
aztec05,amphib02,arcs01,amphib01,alien08,a1_shore,arcgun02,arcgun02,arcgun02,arcgun02,arcgun02,arcgun02,arcgun02
aztec06,amphib03,arcs02,amphib02,alien09,a1_ucav1,bardest,ash_dirt,arrow1,bardest,bardest,ash_dirt,ash_dirt
aztec07,amphib04,arcs03,amphib03,ammoarcgun,a1_ucav2,beam01,bardest,bardest,barrier,beamred,bardest,bardest
bar1,amphib05,arcs04,amphib04,ammolasdes,a200,beam02,beamred,beamred,barrier1,beamyelo,beamred,beamred
bardest,amphib06,arcs05,amphib05,ammolaser,a200a,beam03,beamyelo,beamyelo,barrier2,blst0001,beamyelo,beamyelo
beamred,amphib07,arcs06,amphib06,ammolock,a200b,beam04,blst0001,blst0001,bcourt01,blst0003,blst0001,blst0001
beamyelo,amphib09,ash_dirt,amphib07,ammosonic,a200c,beam05,blst0003,blst0003,bcourt02,blst0005,blst0003,blst0003
bigwav01,arcgun01,bardest,amphib09,amphchip,a201,beam06,blst0005,blst0005,beamred,boxexp01,blst0005,blst0005
bigwav02,arcgun02,bascone1,arcgun01,amphib01,a201a,beamred,boxexp01,boxexp01,beamyelo,boxexp02,boxexp01,boxexp01
bigwav03,bardest,beamred,arcgun02,amphib02,a202,beamyelo,boxexp02,boxexp02,bhoop,boxexp03,boxexp02,boxexp02
blst0001,beach1,beamyelo,arcs01,amphib03,a202a,block01,boxexp03,boxexp03,bldg_a01,boxexp04,boxexp03,boxexp03
blst0003,beam01,blst0001,arcs02,amphib04,a203,blst0001,boxexp04,boxexp04,bldg_a02,boxexp05,boxexp04,boxexp04
blst0005,beam02,blst0003,arcs03,amphib05,a203a,blst0003,boxexp05,boxexp05,bldg_b01,boxexp06,boxexp05,boxexp05
boxexp01,beam03,blst0005,arcs04,amphib06,a203b,blst0005,boxexp06,boxexp06,bldg_b02,boxexp07,boxexp06,boxexp06
boxexp02,beam04,boil01,arcs05,amphib07,a203c,boxexp01,boxexp07,boxexp07,bldg_c01,boxexp08,boxexp07,boxexp07
boxexp03,beam05,boil02,arcs06,amphib09,a203d,boxexp02,boxexp08,boxexp08,bldg_c02,boxexp09,boxexp08,boxexp08
boxexp04,beam06,boil03,arctur01,arcgun01,a203e,boxexp03,boxexp09,boxexp09,bldg_d01,boxexp10,boxexp09,boxexp09
boxexp05,beamred,boil04,arctur02,arcgun02,a205,boxexp04,boxexp10,boxexp10,bldg_e01,bsmkring,boxexp10,boxexp10
boxexp06,beamyelo,boil06,arctur03,arcs01,a205a,boxexp05,bsmkring,broad1,bldg_f01,bsmok1,brcktrim,bsmkring
boxexp07,block01,boil07,arctur04,arcs02,a206,boxexp06,bsmok1,bsmkring,bldg_g01,bsmok2,brick02,bsmok1
boxexp08,blst0001,boil08,arctur05,arcs03,a207,boxexp07,bsmok2,bsmok1,bldg_h01,bsmok3,brick05,bsmok2
boxexp09,blst0003,boil10,arctur06,arcs04,a207a,boxexp08,bsmok3,bsmok2,bldg_h02,bsplsh02,bsmkring,bsmok3
boxexp10,blst0005,boil11,ash_dirt,arcs05,a208,boxexp09,bsplsh02,bsmok3,bldg_i01,bsplsh04,bsmok1,bsplsh02
bsmkring,bore01,boil12,bardest,arcs06,a209,boxexp10,bsplsh04,bsplsh02,bldg_j01,bsplsh06,bsmok2,bsplsh04
bsmok1,bore02,boil13,beamred,arctur01,a211,brdgdck2,bsplsh06,bsplsh04,bldg_k01,bsplsh08,bsmok3,bsplsh06
bsmok2,bore03,boil14,beamyelo,arctur02,a213,brdgdeck,bsplsh08,bsplsh06,bldg_l01,bsplsh10,bsplsh02,bsplsh08
bsmok3,bore04,boil16,bigbridg,arctur03,a214,brdgrmp,bsplsh10,bsplsh08,bldg_l02,bsplsh12,bsplsh04,bsplsh10
bsplsh02,bore05,boil17a,blst0001,arctur04,a215,brigsup1,bsplsh12,bsplsh10,bldg_top,bsplsh14,bsplsh06,bsplsh12
bsplsh04,bore06,boil17e,blst0003,arctur05,a217,brigsup2,bsplsh14,bsplsh12,blst0001,bsplsh16,bsplsh08,bsplsh14
bsplsh06,bore07,boil17f,blst0005,arctur06,a220,brigsup3,bsplsh16,bsplsh14,blst0003,bsplsh18,bsplsh10,bsplsh16
bsplsh08,bore08,boil19,boxexp01,bardest,a226,brigsup4,bsplsh18,bsplsh16,blst0005,bsplsh20,bsplsh12,bsplsh18
bsplsh10,bore09,boil20,boxexp02,base,a229,brigsup5,bsplsh20,bsplsh18,boxexp01,bubble,bsplsh14,bsplsh20
bsplsh12,bore10,boil21,boxexp03,beamred,a232,brigsup6,bunk01,bsplsh20,boxexp02,bunk01,bsplsh16,bubble
bsplsh14,bore11,boil22,boxexp04,beamyelo,a236,brigsup7,bunk02,bunk01,boxexp03,bunk02,bsplsh18,bunk01
bsplsh16,bore12,boil23,boxexp05,berglow5r4,a240,brigsup8,bunk03,bunk02,boxexp04,bunk03,bsplsh20,bunk02
bsplsh18,bore15,boil25,boxexp06,berglowr,a241,brigsup9,bunk04,bunk03,boxexp05,bunk04,bunk01,bunk03
bsplsh20,bore16,boil26a,boxexp07,berglowru5,a242,brkndeck,bunk05,bunk04,boxexp06,bunk05,bunk02,bunk04
bunk01,bore17,boil26b,boxexp08,berglowt,a243,bsmkring,bunk06,bunk05,boxexp07,bunk06,bunk03,bunk05
bunk02,bore18,boil27,boxexp09,blst0001,a244,bsmok1,bunk07,bunk06,boxexp08,bunk07,bunk04,bunk06
bunk03,bore20,boil28,boxexp10,blst0003,a251,bsmok2,bunk08,bunk07,boxexp09,bunk08,bunk05,bunk07
bunk04,bore21,boil29,brcktrim,blst0005,a253,bsmok3,bunk09,bunk08,boxexp10,bunk09,bunk06,bunk08
bunk05,bore22,boil30,brick02,boxexp01,a253a,bsplsh02,bunk10,bunk09,bsmkring,bunk10,bunk07,bunk09
bunk06,bore24,boil31a,brick03,boxexp02,a253b,bsplsh04,bunk11,bunk10,bsmok1,bunk11,bunk08,bunk10
bunk07,bouyref1,boil31b,brick05,boxexp03,a253c,bsplsh06,bxxpld,bunk11,bsmok2,bxxpld,bunk09,bunk11
bunk08,bouytop1,boil32,briklite,boxexp04,a256,bsplsh08,cone12,bwall01,bsmok3,caust01,bunk10,bwall01
bunk09,boxexp01,boil33,brpost,boxexp05,a257,bsplsh10,cone8,bwall02,bsplsh02,caust02,bunk11,bwall04
bunk10,boxexp02,boil34a,bsmkring,boxexp06,a258,bsplsh12,crate01,bwall03,bsplsh04,caust03,bxxpld,bwallbad
bunk11,boxexp03,boil34b,bsmok1,boxexp07,a259,bsplsh14,crate02,bwall04,bsplsh06,caust04,chem15,bxxpld
burnt1,boxexp04,boil36,bsmok2,boxexp08,a260,bsplsh16,crate03,bwall05,bsplsh08,caust05,chem19,caust01
burnt2,boxexp05,boilb1,bsmok3,boxexp09,a262,bsplsh18,crate04,bwall06,bsplsh10,crate01,crate01,caust02
burnt3,boxexp06,boxexp01,bsplsh02,boxexp10,a266,bsplsh20,crate05,bxxpld,bsplsh12,crate02,crate02,caust03
burnt4,boxexp07,boxexp02,bsplsh04,boxside6,a270,bunk01,crate06,cavern1,bsplsh14,crate03,crate03,caust04
bwall01,boxexp08,boxexp03,bsplsh06,bsmkring,a273,bunk02,crate07,cavern2,bsplsh16,crate04,crate04,caust05
bwall04,boxexp09,boxexp04,bsplsh08,bsmok1,a274,bunk03,crate08,cembar1,bsplsh18,crate05,crate05,cave01
bwallbad,boxexp10,boxexp05,bsplsh10,bsmok2,a275,bunk04,crate09,cemwall6,bsplsh20,crate06,crate06,cave02
bxxpld,brain06a,boxexp06,bsplsh12,bsmok3,ammoarcgun,bunk05,crate10,chkpt01,bunk01,crate07,crate07,cave03
cemwall1,brdgdck2,boxexp07,bsplsh14,bsplsh02,ammolasdes,bunk06,crate11,chkpt02,bunk02,crate08,crate08,cave04
cemwall2,brdgdeck,boxexp08,bsplsh16,bsplsh04,ammolaser,bunk07,crate12,chkpt03,bunk03,crate09,crate09,cave05
cemwall3,brdgrmp,boxexp09,bsplsh18,bsplsh06,ammolock,bunk08,crate13,chkpt04,bunk04,crate10,crate10,cavebh1
cemwall4,brdgrmp2,boxexp10,bsplsh20,bsplsh08,ammosonic,bunk09,crate14,chkpt05,bunk05,crate11,crate11,caveceil
cemwall5,brglok1,bsmkring,bubble,bsplsh10,amphchip,bunk10,craterash,crate01,bunk06,crate12,crate12,cavefl1
cemwall6,brglok2a,bsmok1,build02,bsplsh12,amphib01,bunk11,cratrim1,crate02,bunk07,crate13,crate13,cemcol3
cemwall9,brglok2b,bsmok2,build03,bsplsh14,amphib02,bunker1,cratrim2,crate03,bunk08,crate14,crate14,cemcol4
com01,brglok2c,bsmok3,bunk01,bsplsh16,amphib03,bxxpld,dsquish1,crate04,bunk09,cratersnow,damflow,cemcol5
com02,brigsup1,bunk01,bunk02,bsplsh18,amphib04,canrock1,erfpgscl,crate05,bunk10,crate_dest,dsquish1,cemcol6
com03,brigsup2,bunk02,bunk03,bsplsh20,amphib05,canyon2,exb01,crate06,bunk11,dsquish1,erfpgscl,cemcol8
com04,brigsup3,bunk03,bunk04,btundr,amphib06,cement02,exg01,crate07,bxxpld,erfpgscl,exb01,cemwall6
com05,brigsup4,bunk04,bunk05,btunsub,amphib07,cement03,exhaust,crate08,citybrl,exb01,exg01,cemwall9
com06,brigsup5,bunk05,bunk06,bubble,amphib09,cement05,expf01,crate09,crate01,exg01,exhaust,clondest
com07,brigsup6,bunk06,bunk07,bunk01,arb01,crate01,expf02,crate10,crate02,exhaust,expf01,clontrbs
com08,brigsup7,bunk07,bunk08,bunk02,arb03,crate02,expf03,crate11,crate03,expf01,expf02,clontree
comstat4,brigsup8,bunk08,bunk09,bunk03,arb04,crate03,expf04,crate12,crate04,expf02,expf03,clontrnk
crate01,brigsup9,bunk09,bunk10,bunk04,arb06,crate04,expf05,crate13,crate05,expf03,expf04,clwatr01
crate02,brkndeck,bunk10,bunk11,bunk05,arb102,crate05,expf06,crate14,crate06,expf04,expf05,clwatr02
crate03,bsmkring,bunk11,bwallbad,bunk06,arb107,crate06,expf07,craterdrt,crate07,expf05,expf06,clwatr03
crate04,bsmok1,bxxpld,bxxpld,bunk07,arb119,crate07,expf08,craterroad,crate08,expf06,expf07,clwatr04
crate05,bsmok2,cgate01,cath01,bunk08,arb120,crate08,expf09,cratersand,crate09,expf07,expf08,clwatr05
crate06,bsmok3,cgate02,cath02,bunk09,arb125,crate09,expf10,dirt1,crate10,expf08,expf09,clwatr06
crate07,bsplsh02,cgate04,cath03,bunk10,arb13,crate10,expf11,erfpgscl,crate11,expf09,expf10,clwatr07
crate08,bsplsh04,cgate05,cath04,bunk11,arb133,crate11,expflash,exb01,crate12,expf10,expf11,clwatr08
crate09,bsplsh06,cgate06,cath05,bxxpld,arb140,crate12,exp_med01,exg01,crate13,expf11,expflash,clwatr09
crate10,bsplsh08,cgate07,cath05c,caust01,arb143,crate13,exp_med02,exhaust,crate14,expflash,exp_med01,clwatr10
crate11,bsplsh10,cgate09,cath05d,caust02,arb145,crate14,exp_med03,expf01,cratrcrd,exp_med01,exp_med02,crate01
crate12,bsplsh12,cgate10,cath05e,caust03,arb146,craterdirt,exp_med04,expf02,croad01,exp_med02,exp_med03,crate02
crate13,bsplsh14,cgate11,cath05f,caust04,arb147,droad1,exp_med05,expf03,croad02,exp_med03,exp_med04,crate03
crate14,bsplsh16,cgate12,cath06,caust05,arb148,erfpgscl,exp_med06,expf04,dsquish1,exp_med04,exp_med05,crate04
craterroad,bsplsh18,cgate14,cath07,cavernroof,arb15,exb01,exp_med07,expf05,dumpster,exp_med05,exp_med06,crate05
cratersand,bsplsh20,cgate15,cath08,cavernroof4,arb150,exg01,exr01,expf06,dusksky1,exp_med06,exp_med07,crate06
dhint1,bubble,cgate16,cath09,cbox7,arb152,exhaust,exy01,expf07,dusksky2,exp_med07,exr01,crate07
dhint2,bunk01,cgate17,cath10,cboxoff2,arb153,expf01,fire101,expf08,dusksky3,exr01,exy01,crate08
dhint3,bunk02,com01,cath11,ceil,arb156,expf02,fire102,expf09,elev04,exy01,fire101,crate09
dhint4,bunk03,com02,cath12,clfield1,arb157,expf03,fire103,expf10,elev05,fire101,fire102,crate10
dockp01a,bunk04,com03,cath13,clfield3,arb162,expf04,fire104,expf11,elev06,fire102,fire103,crate11
dockp01b,bunk05,com04,cath14,cloncage,arb164,expf05,fire105,expflash,elev08,fire103,fire104,crate12
dockp01c,bunk06,com05,cath15,clondor1,arb165,expf06,fire106,exp_med01,elev09,fire104,fire105,crate13
dockp01d,bunk07,com06,cath16,clone01,arb30,expf07,fire107,exp_med02,elev10,fire105,fire106,crate14
dockp01e,bunk08,com07,cath18,clone03,arb45,expf08,fire108,exp_med03,elev11,fire106,fire107,cratercave
dockp01g,bunk09,com08,cath19,clone04,arb47,expf09,fire109,exp_med04,elev12,fire107,fire108,cratersand
dockp01j,bunk10,comstat16,cath21,clone05,arb49,expf10,fire110,exp_med05,elev14,fire108,fire109,erfpgscl
dockp01k,bunk11,comstat20,cath22,clone06,arb60,expf11,fire111,exp_med06,erfpgscl,fire109,fire110,exb01
dockp01l,bunker1,cone1,cath23,clone07,arb63,expflash,fire112,exp_med07,exb01,fire110,fire111,exg01
dockp01m,bunker2,cone10,cath24,clone08,arb65,exp_med01,firing01,exr01,exg01,fire111,fire112,exhaust
dockp01n,bunker3,cone11,cath25,clone09,arb66,exp_med02,firing03,exy01,exhaust,fire112,firing01,expf01
dockp01o,bunker4a,cone12,cath26,clone10,arb67,exp_med03,firing05,fire101,expf01,firing01,firing03,expf02
dockp01p,burst1,cone2,cath27,clone11,arb68,exp_med04,flareblue,fire102,expf02,firing03,firing05,expf03
dockp01q,bxxpld,cone3,cath28b,clone12,arb70,exp_med05,flarefirey,fire103,expf03,firing05,flareblue,expf04
dockp01r,bzzt01,cone4,cath29,cloneund2,arb73,exp_med06,freonammo,fire104,expf04,flareblue,flarefirey,expf05
dockp01s,bzzt03,cone6,chem01,clonewin8,arb75b,exp_med07,freon_fo,fire105,expf05,flarefirey,freonammo,expf06
dockp01t,bzzt05,cone7,chem03,clonflor,arb87,exr01,grey,fire106,expf06,freonammo,freon_fo,expf07
dockp01u,cab01b,cone8,chem04,clonpowr,arb88,exy01,gun_fre1,fire107,expf07,freon_fo,grass1,expf08
dockp01v2,cab01c,cone9,chem05,clship01,arb93,fire101,gun_nap1,fire108,expf08,grey,grey,expf09
dockp01v4,cab01d,crate01,chem06,clship02,arb94,fire102,gun_nap4,fire109,expf09,gun_fre1,gun_fre1,expf10
dockp01v5,cab01e1,crate02,chem07,clship03,arb95,fire103,gun_nap5,fire110,expf10,gun_nap1,gun_nap1,expf11
dockp01v6,cab01e2,crate03,chem07a,clship04,arb96,fire104,gun_son1,fire111,expf11,gun_nap4,gun_nap4,expflash
dockp01w1,cab01e3,crate04,chem07b,com01,arb99,fire105,gun_son2,fire112,expflash,gun_nap5,gun_nap5,exp_med01
drone01,cab01e5,crate05,chem08,com02,arcgun01,fire106,gun_son3,firing01,exp_med01,gun_son1,gun_son1,exp_med02
drone02,cab01e6,crate06,chem09,com03,arcgun02,fire107,heatshm1,firing03,exp_med02,gun_son2,gun_son2,exp_med03
drone03,cab01e7,crate07,chem10,com04,arcs01,fire108,heatshm2,firing05,exp_med03,gun_son3,gun_son3,exp_med04
drone04,cab01e8,crate08,chem11,com05,arcs02,fire109,heatshm3,flag0000,exp_med04,hand1,hand1,exp_med05
drone05,cab01f,crate09,chem12,com06,arcs03,fire110,hovchp01,flareblue,exp_med05,hand2,hand2,exp_med06
drone06,cab02a,crate10,chem13,com07,arcs04,fire111,hovchp02,flarefirey,exp_med06,heatshm1,heatshm1,exp_med07
drone07,cab02b,crate11,chem14,com08,arcs05,fire112,hovr,freonammo,exp_med07,heatshm2,heatshm2,exr01
drone08,cab02c,crate12,chem15,crate01,arcs06,firing01,lavahil1,freon_fo,exr01,heatshm3,heatshm3,exy01
drone09,cab02d,crate13,chem17,crate02,arena305,firing03,lavahil2,grey,exy01,hovchp02,hovchp01,fire101
drone10,cab02e,crate14,chem19,crate03,arena307,firing05,lavblen1,gun_fre1,fire101,hovr,hovchp02,fire102
dsquish1,cab02f,craterash,chem20,crate04,arena308,flareblue,lavblen2,gun_nap1,fire102,icecol1,hovr,fire103
erfpgscl,cab02g,cratrim1,chem21,crate05,arena317,flarefirey,lavhot1,gun_nap4,fire103,icemound,ldeshocker,fire104
exb01,cab02h,cratrim2,chem22,crate06,ash_dirt,freonammo,ldeshocker,gun_nap5,fire104,ice_ocean,ldesphere,fire105
exg01,cab02i,drone01,chem23,crate07,azdef01,freon_fo,ldesphere,gun_son1,fire105,ldeshocker,ldgun01,fire106
exhaust,cab02j,drone02,com01,crate08,aztec01,grate1,ldgun01,gun_son2,fire106,ldesphere,ldgun02,fire107
expf01,cab02k1,drone03,com02,crate09,aztec03,grate2,ldgun02,gun_son3,fire107,ldgun01,ldgun03,fire108
expf02,cab02k2,drone04,com03,crate10,aztec04,grate3,ldgun03,hand1,fire108,ldgun02,ldgun04,fire109
expf03,cab02k3,drone05,com04,crate11,aztec05,grate4,ldgun04,hand2,fire109,ldgun03,lflare1,fire110
expf04,cab02k4,drone06,com05,crate12,aztec06,grated1,lflare1,hay1,fire110,ldgun04,lflare2,fire111
expf05,cab02k5,drone07,com06,crate13,aztec11,grey,lflare2,hay2,fire111,lflare1,lflare3,fire112
expf06,cab02k6,drone08,com07,crate14,aztec12,gun_fre1,lflare3,hbarrl,fire112,lflare2,lflare4,firing01
expf07,cab02k7,drone09,com08,cratersnow,aztec13,gun_nap1,lflare4,heatshm1,firing01,lflare3,lgun01,firing03
expf08,cab02l,drone10,crate01,drone01,aztec15,gun_nap4,lgun01,heatshm2,firing03,lflare4,lgun02,firing05
expf09,cab02m,dsquish1,crate02,drone02,bardest,gun_nap5,lgun02,heatshm3,firing05,lgun01,lgun03,flareblue
expf10,cab02n,erfpgscl,crate03,drone03,barrier,gun_son1,lgun03,hlite2,flareblue,lgun02,lgun04,flarefirey
expf11,cab02o,exb01,crate04,drone04,beamred,gun_son2,lgun04,hovr,flarefirey,lgun03,lomissammo1,frcgate1
expflash,cab02p,exg01,crate05,drone05,beamyelo,gun_son3,lndlava1,hway01,freonammo,lgun04,lomissammo2,freonammo
exp_med01,cab02p1,exhaust,crate06,drone06,bldg_a01,hand1,lomissammo1,hway02,freon_fo,lomissammo1,lo_nuk01,freon_fo
exp_med02,cab02p2,expf01,crate07,drone07,bldg_a03,hand2,lomissammo2,intun1,grey,lomissammo2,m4canl3,grey
exp_med03,cab02p3,expf02,crate08,drone08,bldg_b01,heatshm1,lo_nuk01,intun2,gun_fre1,lo_nuk01,medwall1,gun_fre1
exp_med04,cab02p4,expf03,crate09,drone09,bldg_b03,heatshm2,m1gate15,intun4,gun_nap1,m11crate01,mine_ph1,gun_nap1
exp_med05,cab02p5,expf04,crate10,drone10,bldg_c02,heatshm3,m3brig02,ldeshocker,gun_nap4,m11crate02,mine_ph2,gun_nap4
exp_med06,cab02p6,expf05,crate11,dsquish1,bldg_d03,hill1,m3hall02,ldesphere,gun_nap5,m11sky,mine_rem,gun_nap5
exp_med07,cab02p7,expf06,crate12,erfpgscl,bldg_e02,hovchp02,m3sec01,ldgun01,gun_son1,m11_berg,missil01,gun_son1
exr01,cab02p8,expf07,crate13,esub01,bldg_g01,hovr,m3sec02,ldgun02,gun_son2,m11_ice1,missil02,gun_son2
exy01,cab02p9,expf08,crate14,esub02,bldg_g05,lakecy10,m3sec03,ldgun03,gun_son3,m11_oceanbot,missil03,gun_son3
fire101,cab02q,expf09,craterb4,esub03,bldg_h01,lakecyc1,mgat01,ldgun04,hand1,m11_wall1,missil04,hand1
fire102,cab02q2,expf10,cratercem,esub04,bldg_h02,lakecyc2,mgat02,lflare1,hand2,m11_wall3,missil05,hand2
fire103,cab02r,expf11,cratergrass,esub05,bldg_n01,lakecyc3,mgat03,lflare2,heatshm1,m11_water1,mort01,heatshm1
fire104,cab02s,expflash,cratergrav,esub06,bldg_n04,lakecyc4,mgat04,lflare3,heatshm2,m11_water2,mort02,heatshm2
fire105,cab02t,exp_med01,craterroad,esub07,bldg_p06,lakecyc5,mgat05,lflare4,heatshm3,m11_water3,mort03,heatshm3
fire106,cab02v1,exp_med02,craterston,esub08,bldg_s06,lakecyc6,mgat06,lgun01,hovr,m11_water4,mortammo1,hovchp01
fire107,cab02v4,exp_med03,dam01,esub09,bldg_s07,lakecyc7,mgat07,lgun02,hydrant,mine_ph1,mortammo2,hovchp02
fire108,cab02v5,exp_med04,dam02,exb01,bldg_top,lakecyc8,mgat08,lgun03,ldeshocker,mine_ph2,mortar,hovr
fire109,cab02w1,exp_med05,dam03,exg01,blood01,lakecyc9,mgat10,lgun04,ldesphere,mine_rem,mortgun2,intun1
fire110,cab02w2,exp_med06,dam04,exhaust,blst0001,ldeshocker,mgat14,lomissammo1,ldgun01,missil01,muzz_grn,intun5
fire111,cab02w3,exp_med07,dam05,expf01,blst0003,ldesphere,mgat15,lomissammo2,ldgun02,missil02,muzz_red,lav_dirt
fire112,cab02x,exr01,dam06,expf02,blst0005,ldgun01,mine_ph1,lo_nuk01,ldgun03,missil03,nanite,ldeshocker
firing01,cab02y1,exy01,damflow,expf03,boil04,ldgun02,mine_ph2,m1cliff1,ldgun04,missil04,nanite100,ldesphere
firing03,cab02y2,fire101,damrush,expf04,boil06,ldgun03,mine_rem,m1gate12,lflare1,missil05,nanocan,ldgun01
firing05,cab03a,fire102,dbrick01,expf05,boxexp01,ldgun04,missil01,m1rock2,lflare2,mort01,napammo,ldgun02
flareblue,cab03b,fire103,drone01,expf06,boxexp02,lflare1,missil02,m1sky1,lflare3,mort02,nlitening,ldgun03
flarefirey,cab03c,fire104,drone02,expf07,boxexp03,lflare2,missil03,m9road09,lflare4,mort03,nuke00,ldgun04
frcgate1,cab03d,fire105,drone03,expf08,boxexp04,lflare3,missil04,mine_ph1,lgun01,mortammo1,nuke01,lflare1
frcgate2,cab03e,fire106,drone04,expf09,boxexp05,lflare4,missil05,mine_ph2,lgun02,mortammo2,nuke02,lflare2
frcgate3,cab03g,fire107,drone05,expf10,boxexp06,lgun01,mort01,mine_rem,lgun03,mortar,nuke03,lflare3
frcgate4,canrock1,fire108,drone06,expf11,boxexp07,lgun02,mort02,missil01,lgun04,mortgun2,nuke04,lflare4
frcgate5,canyon1,fire109,drone07,expflash,boxexp08,lgun03,mort03,missil02,lomissammo1,muzz_grn,nuke05,lgun01
frcgate6,canyon5,fire110,drone08,exp_med01,boxexp09,lgun04,mortammo1,missil03,lomissammo2,muzz_red,nuke06,lgun02
frcgate7,cavern1,fire111,drone09,exp_med02,boxexp10,lomissammo1,mortammo2,missil04,lo_nuk01,nanite,nuke07,lgun03
frcgate8,cavern2,fire112,drone10,exp_med03,brain00,lomissammo2,mortar,missil05,mine_ph1,nanite100,nuke08,lgun04
frcgen1,cement02,firing01,dsquish1,exp_med04,brain01,lo_nuk01,mortgun2,mnsand1,mine_ph2,nanocan,nuke09,lomissammo1
frcgen2,cement03,firing03,d_wtur01,exp_med05,brain02,minepit2,muzz_grn,mnsand2,mine_rem,napammo,nuke10,lomissammo2
frcgen3,cement05,firing05,erfpgscl,exp_med06,brain03,mine_ph1,muzz_red,mnsrd10,missil01,nlitening,nuke11,lo_nuk01
frcgen4,com01,flareblue,exb01,exp_med07,brain04,mine_ph2,nanite,mnsroad2,missil02,nuke00,nuke12,m1cliff1
freonammo,com02,flarefirey,exg01,exr01,brain05,mine_rem,nanite100,mnsroad9,missil03,nuke01,nuke13,mine_ph1
freon_fo,com03,freon01,exhaust,exy01,brain06,missil01,nanocan,mort01,missil04,nuke02,nuke14,mine_ph2
fuel01,com04,freon03,expf01,fire101,brain07,missil02,napammo,mort02,missil05,nuke03,nuke15,mine_rem
fuel02,com05,freon04,expf02,fire102,brain08,missil03,nlitening,mort03,mort01,nuke04,nuke16,missil01
fuel03,com06,freon05,expf03,fire103,brain09,missil04,nsolid1,mortammo1,mort02,nuke05,nuke17,missil02
fuel04,com07,freon06,expf04,fire104,brain10,missil05,nuke00,mortammo2,mort03,nuke06,nuke18,missil03
fuel05,com08,freonammo,expf05,fire105,brain11,mort01,nuke01,mortar,mortammo1,nuke07,nuke19,missil04
fuel06,comstat1,freon_fo,expf06,fire106,brain12,mort02,nuke02,mortgun2,mortammo2,nuke08,nuke20,missil05
fuel08,comstat10,ftur04,expf07,fire107,brain13,mort03,nuke03,muzz_grn,mortar,nuke09,parachute,mnsand1
fuel10,comstat11,ftur07,expf08,fire108,brain14,mortammo1,nuke04,muzz_red,mortgun2,nuke10,phemgun1,mnsroad9
fuel11,comstat12,ftur08,expf09,fire109,brain15,mortammo2,nuke05,nanite,muzz_grn,nuke11,pock1,mort01
fuel12,comstat13,ftur09,expf10,fire110,brain16,mortar,nuke06,nanite100,muzz_red,nuke12,pock2,mort02
fuel13,comstat14,geo01,expf11,fire111,brain18,mortgun2,nuke07,nanocan,nanite,nuke13,pock3,mort03
fuel16,comstat15,geo02,expflash,fire112,brntur01,muzz_grn,nuke08,napammo,nanite100,nuke14,powerdstb,mortammo1
fuel18,comstat16,geo03,exp_med01,firing01,bsmkring,muzz_red,nuke09,nlitening,nanocan,nuke15,powrdest,mortammo2
fueld01,comstat17,geo04,exp_med02,firing03,bsmok1,nanite,nuke10,nsand1,napammo,nuke16,ptur_d02,mortar
fueld02,comstat18,geo05,exp_med03,firing05,bsmok2,nanite100,nuke11,nsand2,nlitening,nuke17,ptur_d03,mortgun2
fueld03,comstat19,geo06,exp_med04,flareblue,bsmok3,nanocan,nuke12,nsand3,nuke00,nuke18,qsnd01,muzz_grn
fueld04,comstat20,geo07,exp_med05,flarefirey,bsplsh02,napammo,nuke13,nsand4,nuke01,nuke19,qsnd02,muzz_red
fueld05,comstat4,geo10a,exp_med06,frcsub12,bsplsh04,nlitening,nuke14,nuke00,nuke02,nuke20,qsnd03,nanite
fueld06,comstat5,geo10b,exp_med07,frcsub13,bsplsh06,nuke00,nuke15,nuke01,nuke03,parachute,qsnd04,nanite100
fueld07,comstat6,grey,exr01,frcsub14,bsplsh08,nuke01,nuke16,nuke02,nuke04,phemgun1,qsnd05,nanocan
fueld08,comstat7,gun_fre1,exy01,frcsub2,bsplsh10,nuke02,nuke17,nuke03,nuke05,pock1,qsnd06,napammo
gas6,comstat8,gun_nap1,fence,frcsub3,bsplsh12,nuke03,nuke18,nuke04,nuke06,pock2,qsnd07,nceil
gas9,comstat9,gun_nap4,fire101,frcsub4,bsplsh14,nuke04,nuke19,nuke05,nuke07,pock3,rail01,nlitening
gfly01,crate01,gun_nap5,fire102,frcsub6,bsplsh16,nuke05,nuke20,nuke06,nuke08,powerdstb,refl0000,nuke00
gfly02,crate02,gun_son1,fire103,frcsub7,bsplsh18,nuke06,parachute,nuke07,nuke09,powrdest,refl0010,nuke01
gfly03,crate03,gun_son2,fire104,frcsub8,bsplsh20,nuke07,phemgun1,nuke08,nuke10,prop01,refl0020,nuke02
gfly04,crate04,gun_son3,fire105,freon01,bsteam1,nuke08,pock1,nuke09,nuke11,prop02,refl0030,nuke03
grey,crate05,hand1,fire106,freon03,bsteam2,nuke09,pock2,nuke10,nuke12,prop03,refl0040,nuke04
gull01,crate06,hand2,fire107,freon04,bsteam3,nuke10,pock3,nuke11,nuke13,prop04,refl0050,nuke05
gun_fre1,crate07,heatshm1,fire108,freon05,bsteam4,nuke11,powerdstb,nuke12,nuke14,ptur_d02,refl0060,nuke06
gun_nap1,crate08,heatshm2,fire109,freon06,bubble,nuke12,powrdest,nuke13,nuke15,ptur_d03,refl0070,nuke07
gun_nap4,crate09,heatshm3,fire110,freonammo,build02,nuke13,ptur_d02,nuke14,nuke16,qsnd01,refl0080,nuke08
gun_nap5,crate10,hel01a,fire111,freon_fo,build03,nuke14,ptur_d03,nuke15,nuke17,qsnd02,regen01,nuke09
gun_son1,crate11,hel01b,fire112,frice1,bunk01,nuke15,qsnd01,nuke16,nuke18,qsnd03,regen05,nuke10
gun_son2,crate12,hel01c,firing01,ftur04,bunk02,nuke16,qsnd02,nuke17,nuke19,qsnd04,rfpgscl,nuke11
gun_son3,crate13,hel01e,firing03,ftur07,bunk03,nuke17,qsnd03,nuke18,nuke20,qsnd05,road1,nuke12
hand1,crate14,heldoor1,firing05,ftur08,bunk04,nuke18,qsnd04,nuke19,phemgun1,qsnd06,road2,nuke13
hand2,craterdirt,heldoor2,flareblue,ftur09,bunk05,nuke19,qsnd05,nuke20,pock1,qsnd07,roadtdir,nuke14
heatshm1,cratergrass,heldoor3,flarefirey,grey,bunk06,nuke20,qsnd06,ocean1,pock2,regen01,rokt01,nuke15
heatshm2,craterroad,heldoor4,fntn01,gun_fre1,bunk07,padedg2,qsnd07,phemgun1,pock3,regen05,rsmkring,nuke16
heatshm3,craterrock,heldoor5,fntn03,gun_nap1,bunk08,parachute,regen01,pock1,powerdstb,rfpgscl,rusty01,nuke17
hel01a,digr01,heldoor6,fntn04,gun_nap4,bunk09,phemgun1,regen05,pock2,powrdest,rokt01,rusty02,nuke18
hel01b,digr02,hovchp01,fntn05,gun_nap5,bunk10,pock1,retain06,pock3,ptur_d02,rsmkring,rusty03,nuke19
hel01d,digr03,hovchp02,fntn06,gun_son1,bunk11,pock2,rfpgscl,powerdstb,ptur_d03,shatter1,rusty04,nuke20
hel01e,digr04,hover01,fntn07,gun_son2,bxxpld,pock3,rhelm,powrdest,qsnd01,shatter2,rusty05,phemgun1
hel01f,digr05,hover02,fntn08,gun_son3,caust01,powerdstb,rokt01,ptur_d02,qsnd02,shatter3,rusty06,piptil10
heli02a,digr06,hover03,freon01,hamband,caust02,powrdest,rsmkring,ptur_d03,qsnd03,sizzle,rusty07,piptil11
heli03b,digr07,hover04,freon03,hamblast,caust03,ptur_d02,shatter1,qsnd01,qsnd04,snow_dirt,shatter1,piptil12
heli05a,digr08,hover05,freon04,hamdest,caust04,ptur_d03,shatter2,qsnd02,qsnd05,sonicfly,shatter2,piptil13
heli12,droad1,hover06,freon05,hand1,caust05,qsnd01,shatter3,qsnd03,qsnd06,splashbase,shatter3,piptile1
heli13a,drone01,hover07,freon06,hand2,cave01,qsnd02,sizzle,qsnd04,qsnd07,splashup,sizzle,piptile5
heli15a,drone02,hovr,freonammo,heatshm1,cave02,qsnd03,skym3,qsnd05,rarm,sub03,skym4,piptile6
heli16a,drone03,hovr01,freon_fo,heatshm2,cave03,qsnd04,sonicfly,qsnd06,rbicep,sub04,sonicfly,piptile7
heli17b,drone04,hovr02,frock1a,heatshm3,cave04,qsnd05,splashbase,qsnd07,rcalf,sub05,splashbase,piptile8
holobeam,drone05,hovr03,frock1b,helim5,cave05,qsnd06,splashup,rarm,regen01,sub06,splashup,piptile9
holorec1,drone06,hovr04,frock1c,hivolt,cavebh1,qsnd07,tankback,rbicep,regen05,sub07,streets1,pock1
holoside1,drone07,hovr05,frock1d,hovchp01,caveceil,rarm,tankbotm,rcalf,rfpgscl,subchp01,tankback,pock2
holoside2,drone08,hovr06,frock2a,hovchp02,cavefl1,rbicep,tankgn01,regen01,rhelm,tankback,tankbotm,pock3
holoside3,drone09,hovr07,frock2b,hover01,cblast,rcalf,tankgn02,regen05,rokt01,tankbotm,tankgn01,polbeam1
holsheld,drone10,hovr08,frock3a,hover02,cblast1,regen01,tankgn03,rfpgscl,rsmkring,tankgn01,tankgn02,poldest1
hotchik1,dsquish1,hovr09,frock3b,hover03,cblast3,regen05,tankgn04,rhelm,rthigh,tankgn02,tankgn03,polite1
hotchik2,d_wtur01,hovr10,frock3c,hover04,celldest,rfpgscl,tankgn05,rokt01,rtorso,tankgn03,tankgn04,polite2
hwall2,erfpgscl,hovr11,frock3d,hover05,cemcol3,rhelm,tanklite,rroadb,shatter1,tankgn04,tankgn05,polroad1
hyroglyf,exb01,hovr12a,frock4a,hover06,cemcol4,road4,tankpon1,rsmkring,shatter2,tankgn05,tanklite,polroad3
intun1,exg01,hovr12b,frock4b,hover07,cemcol5,road6,tankpon2,rthigh,shatter3,tanklite,tankpon1,polroad4
intun2,exhaust,hovr12c,frock5a,hovr,cemcol6,rokt01,tankside,rtorso,signsup,tankpon1,tankpon2,polroad5
intun5,expf01,hovr12d,frock5b,iceberg1,citybrl,rsmkring,tanktop,scliftrn1,sizzle,tankpon2,tankside,polwall1
intun6,expf02,hovr13,frock5c,iceblue,clondest,rthigh,tanktrak,scurve,slightback,tankside,tanktop,polwall2
ldeshocker,expf03,hovr14,frock5d,icecave1,clontrbs,rtorso,tanktrak1,sdirt1,slightbase,tanktop,tanktrak,polwall4
ldesphere,expf04,hovr15a,frock6a,icecol1,clontree,sand4,tanktrak2,shatter1,slightpole,tanktrak,tanktrak1,polwall6
ldgun01,expf05,hovr15b,frock6b,icepk1,clontrnk,shatter1,tanktrak3,shatter2,snake1,tanktrak1,tanktrak2,polwall7
ldgun02,expf06,hovr16,frock7,inpart,clwatr01,shatter2,tanktrks,shatter3,snake2,tanktrak2,tanktrak3,polwall8
ldgun03,expf07,hovr17,ftank01,inpart2,clwatr02,shatter3,tankwing,sizzle,snake3,tanktrak3,tanktrks,powerdstb
ldgun04,expf08,hovr18,ftank01d,iwall01,clwatr03,sizzle,tg_nuk01,sonicfly,sonicfly,tanktrks,tankwing,powrdest
lflare1,expf09,hovr18a,ftank02d,iwall02,clwatr04,sky2,tg_nuk02,splashbase,splashbase,tankwing,tg_nuk01,powrstak
lflare2,expf10,hovr19,ftur01,iwall03,clwatr05,sonicfly,tg_nuk03,splashup,splashup,tg_nuk01,tg_nuk02,powrwal2
lflare3,expf11,hovr20,ftur02,iwall04,clwatr06,splashbase,tracer,surf01,sp_a,tg_nuk02,tg_nuk03,powrwal3
lflare4,expflash,hovr21,ftur03,iwalld01,clwatr07,splashup,tracer1,surf02,sp_e,tg_nuk03,tracer,prop01
lgun01,exp_med01,hovr22,ftur04,lav_dirt,clwatr08,tankback,trnchr2,surf03,sp_i,tracer,tracer1,prop02
lgun02,exp_med02,hovr23,ftur05,laz01,clwatr09,tankbotm,tsmok1,surf04,sp_k,tracer1,trnchr2,prop03
lgun03,exp_med03,hovr24,ftur07,laz02,clwatr10,tankgn01,tsmok2,surf05,sp_n,trnchr2,tryard1,prop04
lgun04,exp_med04,hovr25,ftur08,laz03,com01,tankgn02,tsmok3,surf06,sp_p,tsmok1,tryard3,ptur_d02
liteh02,exp_med05,hovr26,ftur09,laz04,com02,tankgn03,vid01,surf07,sp_s,tsmok2,tryard31,ptur_d03
liteh03,exp_med06,hovr27,girder01,laz05,com03,tankgn04,vid02,surf08,sp_t,tsmok3,tsmok1,qsnd01
lockon05,exp_med07,hovr28,grass1,laztrak1,com04,tankgn05,vid03,surf09,stoplight,turb01,tsmok2,qsnd02
locktrak,exr01,hovr29,gravel,laztrak2,com05,tanklite,vid04,surf10,tankback,turb02,tsmok3,qsnd03
lomissammo1,exy01,hovr31a,grey,ldeshocker,com06,tankpon1,vid05,surf11,tankbotm,turb03,turb01,qsnd04
lomissammo2,fact01a,hovr31b,gun_fre1,ldesphere,com07,tankpon2,vid06,surf12,tankgn01,turb04,turb02,qsnd05
lo_nuk01,fact01b,hovr32,gun_nap1,ldgun01,com08,tankside,vid07,surf13,tankgn02,turb05,turb03,qsnd06
m1cliff1,fact01c,hovr33,gun_nap4,ldgun02,conduit1,tanktop,vid08,tankback,tankgn03,turb06,turb04,qsnd07
m1gate01,fact01d,hovr34,gun_nap5,ldgun03,conduit2,tanktrak,vid09,tankbotm,tankgn04,turb07,turb05,regen01
m1gate03,fact01g,hovr35,gun_son1,ldgun04,conduit3,tanktrak1,vtol01,tankgn01,tankgn05,turb08,turb06,regen05
m1gate04,fact01g1,lav00001,gun_son2,lflare1,crate01,tanktrak2,vtol02,tankgn02,tanklite,turb09,turb07,reta10
m1gate05,fact01h,lav00002,gun_son3,lflare2,crate02,tanktrak3,vtol03,tankgn03,tankpon1,turb10,turb08,rfpgscl
m1gate06,fact01j,lav00003,hand1,lflare3,crate03,tanktrks,vtol04,tankgn04,tankpon2,vid01,turb09,rokt01
m1gate07,fact01j1,lav00004,hand2,lflare4,crate04,tankwing,vtol05,tankgn05,tankside,vid02,turb10,rsmkring
m1gate08,fact01j2,lav00005,heatshm1,lgun01,crate05,tg_nuk01,vtol06,tanklite,tanktop,vid03,ven1,shatter1
m1gate09,fact01l,lav00006,heatshm2,lgun02,crate06,tg_nuk02,vtol07,tankpon1,tanktrak,vid04,ven2,shatter2
m1gate10,fact01m,lav00007,heatshm3,lgun03,crate07,tg_nuk03,vtol08,tankpon2,tanktrak1,vid05,ven3,shatter3
m1gate11,fact01p,lav00008,hel01a,lgun04,crate08,tracer,vtol09,tankside,tanktrak2,vid06,ven31,sizzle
m1gate12,fact01q,lav00009,hovchp01,lightedics,crate09,tracer1,vtol10,tanktop,tanktrak3,vid07,ven4,skym6
m1gate13,fact01q1,lav00010,hovchp02,lightedics2,crate10,trnchr2,vtol11,tanktrak,tanktrks,vid08,ven41,sonicfly
m1gate15,fact01r,lav00011,hover01,lightedics4,crate11,tsmok1,vtol12,tanktrak1,tankwing,vid09,ven5,splashbase
m1gate16,fact01s,lav00012,hover02,lightedics5,crate12,tsmok2,vtol13,tanktrak2,tbooth,vtol01,ven6,splashup
m1gate19,fact01s1,lav00013,hover03,linesnow,crate13,tsmok3,vtol14,tanktrak3,tg_nuk01,vtol02,ven61,sub03
m1rock1,fact01t,lav00014,hover04,lockon01,crate14,turb01,vtol15,tanktrks,tg_nuk02,vtol03,ven7,sub04
m1rock2,fact01t1,lav00015,hover05,lockon02,craterash,turb02,wsmkring,tankwing,tg_nuk03,vtol04,ven71,sub05
m1sky1,fact01t2,lav00016,hover06,lockon03,craterdirt,turb03,wsmok1,tg_nuk01,tile01,vtol05,ven8,sub06
minelay1,fact01t3,lav00017,hover07,lockon04,cratergrass,turb04,wsmok2,tg_nuk02,tile02,vtol06,ven81,sub07
minelay2,fact01u,lavaedg1,hovr,lockon05,craterroad,turb05,wsmok3,tg_nuk03,tower01,vtol07,ven9,subchp01
minelay3,fact01v,lavaedg3,hydrant,lockon06,cratersand,turb06,,tracer,tracer,vtol08,ven91,tankback
minelay4,fact01w,lavblen1,lav_dirt,lockon07,craterston,turb07,,tracer1,tracer1,vtol09,vendude1,tankbotm
mine_ph1,fact01w1,lavblen2,laz01,lockon08,crathlav,turb08,,trnchr2,trnchr2,vtol10,vid01,tankgn01
mine_ph2,fact01x1,lavhbl1,laz02,lockon09,cratrcrd,turb09,,tsmok1,tsmok1,vtol11,vid02,tankgn02
mine_rem,fact01x2,lavhot1,laz03,lockon10,croad01,turb10,,tsmok2,tsmok2,vtol12,vid03,tankgn03
missil01,fact01x3,lavrock2,laz04,lockon11,croad02,vid01,,tsmok3,tsmok3,vtol13,vid04,tankgn04
missil02,fact01x4,lavsta1,laz05,lockon12,cruins01,vid02,,turb01,vid01,vtol14,vid05,tankgn05
missil03,fact01x5,lavylw01,laztrak1,lockon13,def17,vid03,,turb02,vid02,vtol15,vid06,tanklite
missil04,fact01x6,lavylw02,laztrak2,locktrak,def24,vid04,,turb03,vid03,watexp01,vid07,tankpon1
missil05,fact01y1,lavylw03,ldeshocker,lomissammo1,def33,vid05,,turb04,vid04,watexp02,vid08,tankpon2
mnsand1,fact01y2,lavylw04,ldesphere,lomissammo2,def34,vid06,,turb05,vid05,watexp03,vid09,tankside
mnsand2,fact01y3,lavylw05,ldgun01,lo_nuk01,def38,vid07,,turb06,vid06,watexp04,vtol01,tanktop
mnsand5,fact01y4,lavylw06,ldgun02,m5sky,def39,vid08,,turb07,vid07,watexp05,vtol02,tanktrak
mnsrd10,fact01z,lavylw07,ldgun03,minelay1,def44,vid09,,turb08,vid08,watexp06,vtol03,tanktrak1
mnsroad1,fact01z1,lavylw08,ldgun04,minelay2,def9,vtol01,,turb09,vid09,watexp07,vtol04,tanktrak2
mnsroad2,fact01z2,lavylw09,lflare1,minelay3,dmpstr,vtol02,,turb10,wsmkring,watexp08,vtol05,tanktrak3
mnsroad3,fact01z3,lavylw10,lflare2,minelay4,dmpstrs,vtol03,,vid01,wsmok1,watexp09,vtol06,tanktrks
mnsroad9,fact01z3a,lavylw11,lflare3,mine_ph1,dmpstrt,vtol04,,vid02,wsmok2,watexp10,vtol07,tankwing
mort01,fact01z4,lavylw12,lflare4,mine_ph2,drone01,vtol05,,vid03,wsmok3,watexp11,vtol08,tele17
mort02,fact01z5,lavylw13,lgun01,mine_rem,drone02,vtol06,,vid04,,wsmkring,vtol09,tele31
mort03,fact01z6,lavylw14,lgun02,missil01,drone03,vtol07,,vid05,,wsmok1,vtol10,tele33
mortammo1,fact01z7,lavylw15,lgun03,missil02,drone04,vtol08,,vid06,,wsmok2,vtol11,tele34
mortammo2,fact01z7a,lavylw16,lgun04,missil03,drone05,vtol09,,vid07,,wsmok3,vtol12,tele36
mortar,fact01z8,lavylw17,lockon01,missil04,drone06,vtol10,,vid08,,,vtol13,tele51
mortgun2,fact01z9,lav_dirt,lockon02,missil05,drone07,vtol11,,vid09,,,vtol14,tele54
muzz_grn,fire101,laz01,lockon03,mort01,drone08,vtol12,,woodpost,,,vtol15,tfram1
muzz_red,fire102,laz02,lockon04,mort02,drone09,vtol13,,wsmkring,,,ware02,tg_nuk01
nanite,fire103,laz03,lockon05,mort03,drone10,vtol14,,wsmok1,,,ware04,tg_nuk02
nanite100,fire104,laz04,lockon06,mortammo1,dsquish1,vtol15,,wsmok2,,,watr01,tg_nuk03
nanocan,fire105,laz05,lockon07,mortammo2,elev01,wsmkring,,wsmok3,,,watr02,tp1sc
napammo,fire106,laztrak1,lockon08,mortar,elev02,wsmok1,,,,,watr03,tp2sc
napm01,fire107,laztrak2,lockon09,mortgun2,elev04,wsmok2,,,,,watr04,tp3sc
napm02,fire108,lcrat01,lockon10,muzz_grn,elev05,wsmok3,,,,,watr05,tp4sc
napm03,fire109,ldeshocker,lockon11,muzz_red,elev06,,,,,,watr06,tp5sc
napm04,fire110,ldesphere,lockon12,nanite,elev07,,,,,,watr07,tracer
napm05,fire111,ldgun01,lockon13,nanite100,elev08,,,,,,watr08,tracer1
napm06,fire112,ldgun02,locktrak,nanocan,elev09,,,,,,watr09,tran01
nbeach1,firing01,ldgun03,lomissammo1,napammo,elev10,,,,,,watr10,tran03
nbeach2,firing03,ldgun04,lomissammo2,napm01,elev11,,,,,,wsmkring,tran06
nbeach3,firing05,lgun01,lo_nuk01,napm02,elev12,,,,,,wsmok1,tran07
nlitening,flareblue,lgun02,m4canl3,napm03,elev13,,,,,,wsmok2,tran08
nosoilwater,flarefirey,lgun03,medwall0,napm04,elev14,,,,,,wsmok3,tran09
ntur11,freonammo,lgun04,medwall1,napm05,erfpgscl,,,,,,,tran10
nuke00,freon_fo,lndlava1,minelay1,napm06,esub01,,,,,,,tran11
nuke01,ftur01,lockon01,minelay2,nlitening,esub02,,,,,,,tran12
nuke02,ftur02,lockon02,minelay3,ntur11,esub03,,,,,,,trnchr2
nuke03,ftur03,lockon03,minelay4,nuke00,esub04,,,,,,,tsmok1
nuke04,ftur04,lockon04,mine_ph1,nuke01,esub05,,,,,,,tsmok2
nuke05,ftur05,lockon05,mine_ph2,nuke02,esub06,,,,,,,tsmok3
nuke06,ftur07,lockon06,mine_rem,nuke03,esub07,,,,,,,tstatic
nuke07,ftur08,lockon07,missil01,nuke04,esub08,,,,,,,turb01
nuke08,ftur09,lockon08,missil02,nuke05,esub09,,,,,,,turb02
nuke09,gate1,lockon09,missil03,nuke06,exb01,,,,,,,turb03
nuke10,genf01a,lockon10,missil04,nuke07,exg01,,,,,,,turb04
nuke11,genf01b,lockon11,missil05,nuke08,exhaust,,,,,,,turb05
nuke12,genf01c,lockon12,mort01,nuke09,expf01,,,,,,,turb06
nuke13,genf01d,lockon13,mort02,nuke10,expf02,,,,,,,turb07
nuke14,genf01e,locktrak,mort03,nuke11,expf03,,,,,,,turb08
nuke15,genf01f1,lomissammo1,mortammo1,nuke12,expf04,,,,,,,turb09
nuke16,genf01f2,lomissammo2,mortammo2,nuke13,expf05,,,,,,,turb10
nuke17,genf01k,lo_nuk01,mortar,nuke14,expf06,,,,,,,vid01
nuke18,genf01m,m1gate15,mortgun2,nuke15,expf07,,,,,,,vid02
nuke19,genf01n,m3brig02,movie1,nuke16,expf08,,,,,,,vid03
nuke20,grass01,m3door01,muzz_grn,nuke17,expf09,,,,,,,vid04
ocean1,grate1,m3door02,muzz_red,nuke18,expf10,,,,,,,vid05
palm01,grate2,m3hall01,nanite,nuke19,expf11,,,,,,,vid06
palm02,grate3,m3hall02,nanite100,nuke20,expflash,,,,,,,vid07
palm03,grate4,m3sec01,nanocan,oceanbot,exp_med01,,,,,,,vid08
palm04,grated1,m3sec02,napammo,oceantop,exp_med02,,,,,,,vid09
parachute,grdgate2,m3sec03,napm01,parachute,exp_med03,,,,,,,watexp01
pblb,grdgate3,mgat01,napm02,phemgun1,exp_med04,,,,,,,watexp02
phemgun1,grdgate4,mgat05,napm03,pock1,exp_med05,,,,,,,watexp03
pier,grdgate5,mgat08,napm04,pock2,exp_med06,,,,,,,watexp04
pock1,grey,mgat10,napm05,pock3,exp_med07,,,,,,,watexp05
pock2,grlite1,mgat14,napm06,powerdstb,exr01,,,,,,,watexp06
pock3,grlite2,mgat15,nlitening,powrdest,exy01,,,,,,,watexp07
powerdstb,grnring,minelay1,ntur02g,prop01,fire101,,,,,,,watexp08
powrband,gun_fre1,minelay2,ntur11,prop02,fire102,,,,,,,watexp09
powrdest,gun_nap1,minelay3,nuke00,prop03,fire103,,,,,,,watexp10
powrstak,gun_nap4,minelay4,nuke01,prop04,fire104,,,,,,,watexp11
powrwal1,gun_nap5,mine_ph1,nuke02,ptlite01,fire105,,,,,,,watrct01
powrwal2,gun_son1,mine_ph2,nuke03,ptop1,fire106,,,,,,,watrct02
powrwal3,gun_son2,mine_rem,nuke04,ptop12,fire107,,,,,,,watrct03
prjctr02,gun_son3,missil01,nuke05,ptop2,fire108,,,,,,,watrct04
prjctr04,hand1,missil02,nuke06,ptop3,fire109,,,,,,,watrct05
prjctr06,hand2,missil03,nuke07,ptop4,fire110,,,,,,,watrct06
ptlite01,heatshm1,missil04,nuke08,ptop5,fire111,,,,,,,watrct07
ptur01,heatshm2,missil05,nuke09,ptop6,fire112,,,,,,,watrct08
ptur02,heatshm3,mort01,nuke10,ptop7,firing01,,,,,,,watrct09
ptur03,hel01b,mort02,nuke11,ptur01,firing03,,,,,,,watrct10
ptur04,hel01c,mort03,nuke12,ptur02,firing05,,,,,,,watrcv01
ptur05,hel01d,mortammo1,nuke13,ptur03,flareblue,,,,,,,watrcv02
ptur06,hel01e,mortammo2,nuke14,ptur04,flarefirey,,,,,,,watrcv03
ptur07,hill1,mortar,nuke15,ptur05,freon01,,,,,,,watrcv04
ptur08,lab01b,mortgun2,nuke16,ptur06,freon03,,,,,,,watrcv05
ptur09,lab01c,muzz_grn,nuke17,ptur07,freon04,,,,,,,watrcv06
ptur_d01,lab01d,muzz_red,nuke18,ptur08,freon05,,,,,,,watrcv07
ptur_d02,lab01e,nanite,nuke19,ptur09,freon06,,,,,,,watrcv08
ptur_d03,lab01e1,nanite100,nuke20,ptur_d01,freonammo,,,,,,,watrcv09
qsnd01,lab01e2,nanocan,parachute,ptur_d02,freon_fo,,,,,,,watrcv10
qsnd02,lab01f,napammo,pblb,ptur_d03,ftur04,,,,,,,watrp01
qsnd03,lab01i,napm01,phemgun1,pwsorbg,ftur07,,,,,,,watrp02
qsnd04,lab01i3,napm02,pock1,pwstbo,ftur08,,,,,,,watrp03
qsnd05,lab01i7,napm03,pock2,pwstbo2,ftur09,,,,,,,watrp04
qsnd06,lab01j,napm04,pock3,pwstbp,grey,,,,,,,watrp05
qsnd07,lab01k,napm05,powerdstb,pwstcorc,gun_fre1,,,,,,,watrp06
rarm,lab01n,napm06,powrdest,pwstfl4,gun_nap1,,,,,,,watrp07
rbicep,lab01o,nlitening,ptlite01,pwstfritb,gun_nap4,,,,,,,watrp08
rcalf,lab01q,nsolid1,ptur04,pwstfritc,gun_nap5,,,,,,,watrp09
regen01,lab02a,ntur05,ptur_d01,pwstltb,gun_son1,,,,,,,watrp10
regen05,lab02c,ntur06,ptur_d02,pwstlty,gun_son2,,,,,,,wsmkring
reta01,lab02e,ntur07,ptur_d03,pwstnft,gun_son3,,,,,,,wsmok1
reta03,lab02g,ntur08,qsnd01,pwstpa,hand1,,,,,,,wsmok2
reta05,lab02h,ntur09,qsnd02,pwstpb,hand2,,,,,,,wsmok3
reta06,lab02i,ntur10,qsnd03,pwstpg,heatshm1,,,,,,,
reta07,lab02j,ntur11,qsnd04,qsnd01,heatshm2,,,,,,,
reta10,labcrate,nuke00,qsnd05,qsnd02,heatshm3,,,,,,,
rfpgscl,labcrated,nuke01,qsnd06,qsnd03,hovchp01,,,,,,,
rhelm,lakecy10,nuke02,qsnd07,qsnd04,hovchp02,,,,,,,
rkt01b,lakecyc1,nuke03,rail01,qsnd05,hover01,,,,,,,
rkt01c,lakecyc2,nuke04,rail02,qsnd06,hover02,,,,,,,
rkt01d,lakecyc3,nuke05,railc01,qsnd07,hover03,,,,,,,
rkt01e,lakecyc4,nuke06,raildam1,radiosi,hover04,,,,,,,
rkt01f,lakecyc5,nuke07,raildam2,radiox,hover05,,,,,,,
rkt01g,lakecyc6,nuke08,rarm,rarm,hover06,,,,,,,
rkt01i,lakecyc7,nuke09,rbicep,rbicep,hover07,,,,,,,
rokt01,lakecyc8,nuke10,rcalf,rcalf,hovr,,,,,,,
rokt02,lakecyc9,nuke11,refl0000,rdiolod,hydrant,,,,,,,
rokt03,lav_dirt,nuke12,refl0010,regen01,lav_dirt,,,,,,,
rokt04,laz01,nuke13,refl0020,regen05,laz01,,,,,,,
rokt05,laz02,nuke14,refl0030,rfpgscl,laz02,,,,,,,
rokt06,laz03,nuke15,refl0040,rhelm,laz03,,,,,,,
rsmkring,laz04,nuke16,refl0050,right1,laz04,,,,,,,
rthigh,laz05,nuke17,refl0060,rokt01,laz05,,,,,,,
rtorso,laztrak1,nuke18,refl0070,rsmkring,laztrak1,,,,,,,
sam01,laztrak2,nuke19,refl0080,rthigh,laztrak2,,,,,,,
sam02,ldeshocker,nuke20,regen01,rtorso,ldeshocker,,,,,,,
sam03,ldesphere,parachute,regen05,scout01,ldesphere,,,,,,,
sam04,ldgun01,phemgun1,retain03,scout02,ldgun01,,,,,,,
sam05,ldgun02,pipes04,rfpgscl,scout03,ldgun02,,,,,,,
sam06,ldgun03,pipes07,rhelm,scout04,ldgun03,,,,,,,
sam07,ldgun04,pipes11,road1,scout05,ldgun04,,,,,,,
sam08,lflare1,pock1,road2,scout06,ldtank01,,,,,,,
sam09,lflare2,pock2,roadtdir,scout07,ldtank02,,,,,,,
sam10,lflare3,pock3,rockt1c,scroll2,ldtank03,,,,,,,
sam11,lflare4,powerdstb,rockt3b,shatter1,ldtank04,,,,,,,
sam12,lgun01,powrdest,rockt4b,shatter2,ldtank05,,,,,,,
sandbag,lgun02,psuprt1,rokt01,shatter3,ldtank06,,,,,,,
sandstan,lgun03,psuprt2,rokt02,shipcont01,lflare1,,,,,,,
sandtopb,lgun04,ptlite01,rokt03,shipcont02,lflare2,,,,,,,
sandveg1,lockon01,ptur01,rokt04,shipcont03,lflare3,,,,,,,
scliftrn1,lockon02,ptur02,rokt05,shipcont04,lflare4,,,,,,,
scliftrn2,lockon03,ptur03,rokt06,sizzle,lgun01,,,,,,,
scout01,lockon04,ptur04,rokt6,snow1,lgun02,,,,,,,
scout02,lockon05,ptur05,rokt7g,snow2,lgun03,,,,,,,
scout03,lockon06,ptur06,rooftil1,snow_dirt,lgun04,,,,,,,
scout04,lockon07,ptur07,rrtie1,sonic01,lockon01,,,,,,,
scout05,lockon08,ptur08,rrtie2,sonic02,lockon02,,,,,,,
scout06,lockon09,ptur09,rrtie3,sonic03,lockon03,,,,,,,
scout07,lockon10,ptur_d01,rsmkring,sonic04,lockon04,,,,,,,
sechall1,lockon11,ptur_d02,rthigh,sonic05,lockon05,,,,,,,
sechall2,lockon12,ptur_d03,rtorso,sonic06,lockon06,,,,,,,
sechall3,lockon13,qsnd01,rubble2,sonic07,lockon07,,,,,,,
semi00,locktrak,qsnd02,rustplg,sonic08,lockon08,,,,,,,
semi01,lomissammo1,qsnd03,rusty01,sonic09,lockon09,,,,,,,
semi02,lomissammo2,qsnd04,rusty02,sonic10,lockon10,,,,,,,
semi03,lo_nuk01,qsnd05,rusty03,sonicfly,lockon11,,,,,,,
semi04,minecar1,qsnd06,rusty04,sontur01,lockon12,,,,,,,
semi05,minecar2,qsnd07,rusty05,sontur02,lockon13,,,,,,,
semi06,minecar3,rarm,rusty06,sontur03,locktrak,,,,,,,
semi07,minecar4,rbicep,rusty07,sontur04,lomissammo1,,,,,,,
semi08,minecar5,rcalf,scout01,sontur05,lomissammo2,,,,,,,
semi09,minelay1,regen01,scout02,sontur06,lo_nuk01,,,,,,,
semi10,minelay2,regen05,scout03,spinend,ltbaseb,,,,,,,
semi11,minelay3,retain01,scout04,spinends,ltbasebd,,,,,,,
semi12,minelay4,retain02,scout05,spinsidf,ltbaset,,,,,,,
semi13,minepip1,retain03,scout06,spinsidi,minelay1,,,,,,,
semi14,minepip2,retain04,scout07,splashbase,minelay2,,,,,,,
semi15,minepip3,retain05,shatter1,splashup,minelay3,,,,,,,
semi16,minepip4,retain06,shatter2,sub03,minelay4,,,,,,,
semi17,minepit1,rfpgscl,shatter3,sub04,mine_ph1,,,,,,,
semi18,minetun1,rhelm,signal1,sub05,mine_ph2,,,,,,,
semi19,minetun2,rokt01,signal2,sub06,mine_rem,,,,,,,
semi20,minetun3,rsmkring,signal3,sub07,missil01,,,,,,,
semi21,minetun4,rthigh,signal4,subchp01,missil02,,,,,,,
shatter1,minetun5,rtorso,signal5,subsh01,missil03,,,,,,,
shatter2,minetun6,scout01,sizzle,subsh02,missil04,,,,,,,
shatter3,minetun7,scout02,skym4,subsh03,missil05,,,,,,,
sizzle,minetun8,scout03,smk01,subsh04,mort01,,,,,,,
sonicfly,mine_ph1,scout04,smk02,subsh05,mort02,,,,,,,
splashbase,mine_ph2,scout05,smk03,subsh06,mort03,,,,,,,
splashup,mine_rem,scout06,smk04,subsh07,mortammo1,,,,,,,
store01,minstrt1,scout07,smk05,subsh08,mortammo2,,,,,,,
store02,minstrt2,shatter1,smk06,subsh09,mortar,,,,,,,
surf01,minstrt3,shatter2,snow_dirt,subsh10,mortgun2,,,,,,,
surf02,minstrt4,shatter3,sonic01,subsh11,muzz_grn,,,,,,,
surf03,minstrt5,sizzle,sonic02,subsh12,muzz_red,,,,,,,
surf04,minstrt6,skym3,sonic03,subsh13,nanite,,,,,,,
surf05,missil01,sonicfly,sonic04,subsh14,nanite100,,,,,,,
surf06,missil02,sulph_dirt,sonic05,subsh15,nanocan,,,,,,,
surf07,missil03,tankback,sonic06,subsh16,napammo,,,,,,,
surf08,missil04,tankbotm,sonic07,subsh17a,napm01,,,,,,,
surf09,missil05,tankgn01,sonic08,subsh17b,napm02,,,,,,,
surf10,mort01,tankgn02,sonic09,subsh17c,napm03,,,,,,,
surf11,mort02,tankgn03,sonic10,subsh18,napm04,,,,,,,
surf12,mort03,tankgn04,sonicfly,subsh19,napm05,,,,,,,
surf13,mortammo1,tankgn05,splashbase,subsh20,napm06,,,,,,,
tankback,mortammo2,tanklite,splashup,subsh21,nlitening,,,,,,,
tankbotm,mortar,tankpon1,stackc,subsh23,ntur11,,,,,,,
tankgn01,mortgun2,tankpon2,stbed01,subsh24,nuke00,,,,,,,
tankgn02,muzz_grn,tankside,streets1,subsh25,nuke01,,,,,,,
tankgn03,muzz_red,tanktop,streets4,subsh26,nuke02,,,,,,,
tankgn04,mwall01,tanktrak,subcas10,subsh29,nuke03,,,,,,,
tankgn05,mwall02,tanktrak1,subcase2,subsh30,nuke04,,,,,,,
tanklite,mwall04,tanktrak2,subcase3,subsh31,nuke05,,,,,,,
tankside,mwall05,tanktrak3,subcase4,subsh32,nuke06,,,,,,,
tanktop,nanite,tanktrks,subcase5,subsh33,nuke07,,,,,,,
tanktrak,nanite100,tankwing,subcase7,sulph_dirt,nuke08,,,,,,,
tanktrak1,nanocan,tg_nuk01,subcase9,swall1,nuke09,,,,,,,
tanktrak2,napammo,tg_nuk02,subchp01,swall2,nuke10,,,,,,,
tanktrak3,napm01,tg_nuk03,subway01,swall3,nuke11,,,,,,,
tanktrks,napm02,tracer,subway02,swall4,nuke12,,,,,,,
tankwing,napm03,tracer1,subway03,tankback,nuke13,,,,,,,
tg_nuk01,napm04,trnch01,subway04,tankbotm,nuke14,,,,,,,
tg_nuk02,napm05,trnch02,subway05,tankgn01,nuke15,,,,,,,
tg_nuk03,napm06,trnch03,subway06,tankgn02,nuke16,,,,,,,
tra,nlitening,trnch04,subway07,tankgn03,nuke17,,,,,,,
tracer,ntur01,trnch05,subway08,tankgn04,nuke18,,,,,,,
tracer1,ntur01g,trnch06,subway09,tankgn05,nuke19,,,,,,,
trnch01,ntur02,trnch09,subway10,tanklite,nuke20,,,,,,,
trnch02,ntur02g,trnch10,subway11,tankpon1,parachute,,,,,,,
trnch03,ntur03,trnch11,subway12,tankpon2,phemgun1,,,,,,,
trnch04,ntur03g,trnchr2,subway13,tankside,piptil10,,,,,,,
trnch05,ntur04,tsmok1,subway14,tanktop,piptil11,,,,,,,
trnch06,ntur04g,tsmok2,subway15,tanktrak,piptil12,,,,,,,
trnch09,ntur05,tsmok3,subway16,tanktrak1,piptil13,,,,,,,
trnch10,ntur06,vcap01,sulph_dirt,tanktrak2,piptil14,,,,,,,
trnch11,ntur07,vcap02,tankback,tanktrak3,piptile1,,,,,,,
trnchr2,ntur08,vcap03,tankbotm,tanktrks,piptile2,,,,,,,
tsmok1,ntur09,vcap04,tankgn01,tankwing,piptile3,,,,,,,
tsmok2,ntur10,vcap05,tankgn02,tg_nuk01,piptile4,,,,,,,
tsmok3,ntur11,vcap06,tankgn03,tg_nuk02,piptile5,,,,,,,
vid01,nuke00,vcap07,tankgn04,tg_nuk03,piptile6,,,,,,,
vid02,nuke01,vcap08,tankgn05,tracer,piptile7,,,,,,,
vid03,nuke02,vcap09,tanklite,tracer1,piptile8,,,,,,,
vid04,nuke03,vcap10,tankpon1,trnch01,piptile9,,,,,,,
vid05,nuke04,vcap11,tankpon2,trnch02,pock1,,,,,,,
vid06,nuke05,vcap12,tankside,trnch03,pock2,,,,,,,
vid07,nuke06,vcap14,tanktop,trnch04,pock3,,,,,,,
vid08,nuke07,vcap15,tanktrak,trnch05,polbeam1,,,,,,,
vid09,nuke08,vcap16,tanktrak1,trnch06,poldest1,,,,,,,
vtol01,nuke09,vcap17,tanktrak2,trnch09,polite1,,,,,,,
vtol02,nuke10,vcap18,tanktrak3,trnch10,polite2,,,,,,,
vtol03,nuke11,vcap19,tanktrks,trnch11,polroad1,,,,,,,
vtol04,nuke12,vcap20,tankwing,trnchr2,polroad3,,,,,,,
vtol05,nuke13,vcap21,tg_nuk01,tsmok1,polroad4,,,,,,,
vtol06,nuke14,vcap22,tg_nuk02,tsmok2,polroad5,,,,,,,
vtol07,nuke15,vcap23,tg_nuk03,tsmok3,polwall1,,,,,,,
vtol08,nuke16,vcap24,tracer,tunclne1,polwall2,,,,,,,
vtol09,nuke17,vcap25,tracer1,tunclne2,polwall4,,,,,,,
vtol10,nuke18,vcap26,train00,tunflr2,polwall6,,,,,,,
vtol11,nuke19,vcap27,train01,tunglow1,polwall7,,,,,,,
vtol12,nuke20,vcap28,train02,tunsnw1,polwall8,,,,,,,
vtol13,orb01,vcap29,train03,turb01,powerdstb,,,,,,,
vtol14,orb03,vcap30,train04,turb02,powrdest,,,,,,,
vtol15,orb06,vcap31,train05,turb03,prop01,,,,,,,
vw_dest1,pad1,vcap32,train06,turb04,prop02,,,,,,,
vw_map01,padedg1,vcap33,train10,turb05,prop03,,,,,,,
vw_map02,padedg2,vcap34,trnch01,turb06,prop04,,,,,,,
vw_map03,parachute,vcap35,trnch02,turb07,ptur_d02,,,,,,,
vw_map04,phemgun1,vcap36,trnch03,turb08,ptur_d03,,,,,,,
vw_map05,pipe1,vcap37,trnch04,turb09,qsnd01,,,,,,,
vw_map06,pipe2,vcap38,trnch05,turb10,qsnd02,,,,,,,
wsmkring,pock1,vcap39,trnch06,vid01,qsnd03,,,,,,,
wsmok1,pock2,vcap40,trnch09,vid02,qsnd04,,,,,,,
wsmok2,pock3,vcap41,trnch10,vid03,qsnd05,,,,,,,
wsmok3,powerdstb,vcap42,trnch11,vid04,qsnd06,,,,,,,
,powrdest,vcap43,trnchr2,vid05,qsnd07,,,,,,,
,psteam1,vcap44,tryard1,vid06,rarm,,,,,,,
,psteam2,vcap45,tryard2,vid07,rbicep,,,,,,,
,psteam3,vcap46,tryard3,vid08,rcalf,,,,,,,
,psteam4,vid01,tsmok1,vid09,regen01,,,,,,,
,ptlite01,vid02,tsmok2,video1,regen05,,,,,,,
,ptur01,vid03,tsmok3,video2,rfpgscl,,,,,,,
,ptur02,vid04,tunnel01,vtol01,rhelm,,,,,,,
,ptur03,vid05,tunnel02,vtol02,rokt01,,,,,,,
,ptur04,vid06,tunnel03,vtol03,rsmkring,,,,,,,
,ptur05,vid07,tunnel04,vtol04,rthigh,,,,,,,
,ptur06,vid08,tunnel05,vtol05,rtorso,,,,,,,
,ptur07,vid09,tunnel06,vtol06,scout01,,,,,,,
,ptur08,vtol01,turb01,vtol07,scout02,,,,,,,
,ptur09,vtol02,turb02,vtol08,scout03,,,,,,,
,ptur_d01,vtol03,turb03,vtol09,scout04,,,,,,,
,ptur_d02,vtol04,turb04,vtol10,scout05,,,,,,,
,ptur_d03,vtol05,turb05,vtol11,scout06,,,,,,,
,qsnd01,vtol06,turb06,vtol12,scout07,,,,,,,
,qsnd02,vtol07,turb07,vtol13,shatter1,,,,,,,
,qsnd03,vtol08,turb08,vtol14,shatter2,,,,,,,
,qsnd04,vtol09,turb09,vtol15,shatter3,,,,,,,
,qsnd05,vtol10,turb10,wall5,sizzle,,,,,,,
,qsnd06,vtol11,vid01,wat,skym6,,,,,,,
,qsnd07,vtol12,vid02,wat2,skym6a1,,,,,,,
,rail1,vtol13,vid03,wat3,skym6a2,,,,,,,
,rail2,vtol14,vid04,wat4,skym6a3,,,,,,,
,rail3,vtol15,vid05,watexp01,slite3,,,,,,,
,rail4,weld01,vid06,watexp02,slitebk,,,,,,,
,rarm,weld02,vid07,watexp03,snow_dirt,,,,,,,
,ravine1,weld03,vid08,watexp04,sonic01,,,,,,,
,ravine2,wsmkring,vid09,watexp05,sonic02,,,,,,,
,rbicep,wsmok1,vtol01,watexp06,sonic03,,,,,,,
,rcalf,wsmok2,vtol02,watexp07,sonic04,,,,,,,
,redh02,wsmok3,vtol03,watexp08,sonic05,,,,,,,
,redh03,,vtol04,watexp09,sonic06,,,,,,,
,redh07a3,,vtol05,watexp10,sonic07,,,,,,,
,redh07b,,vtol06,watexp11,sonic08,,,,,,,
,redh07c,,vtol07,watrcold,sonic09,,,,,,,
,redh07c1,,vtol08,wsmkring,sonic10,,,,,,,
,redh07d,,vtol09,wsmok1,sonicfly,,,,,,,
,redh07e,,vtol10,wsmok2,splashbase,,,,,,,
,redh07eh,,vtol11,wsmok3,splashup,,,,,,,
,redh07f,,vtol12,,stub01,,,,,,,
,redh07g,,vtol13,,stub02,,,,,,,
,redh09a,,vtol14,,stub04,,,,,,,
,redh09b,,vtol15,,stub05,,,,,,,
,redh09c,,ware02,,stub06,,,,,,,
,redh09d,,ware04,,stub07,,,,,,,
,redh09e,,watexp01,,stub08,,,,,,,
,redh09f,,watexp02,,stub10,,,,,,,
,redh09g,,watexp03,,stub11,,,,,,,
,reflec10,,watexp04,,stub12,,,,,,,
,reflect1,,watexp05,,sub03,,,,,,,
,reflect2,,watexp06,,sub04,,,,,,,
,reflect3,,watexp07,,sub05,,,,,,,
,reflect4,,watexp08,,sub06,,,,,,,
,reflect5,,watexp09,,sub07,,,,,,,
,reflect6,,watexp10,,sulph_dirt,,,,,,,
,reflect7,,watexp11,,t14b,,,,,,,
,reflect8,,watr01,,tankback,,,,,,,
,reflect9,,watr02,,tankbotm,,,,,,,
,regen01,,watr03,,tankgn01,,,,,,,
,regen05,,watr04,,tankgn02,,,,,,,
,rfpgscl,,watr05,,tankgn03,,,,,,,
,rhelm,,watr06,,tankgn04,,,,,,,
,rmolt01,,watr07,,tankgn05,,,,,,,
,rmolt03,,watr08,,tanklite,,,,,,,
,rmolt05,,watr09,,tankpon1,,,,,,,
,rmolt07,,watr10,,tankpon2,,,,,,,
,rmolt09,,watrfall,,tankside,,,,,,,
,rmolts,,wsmkring,,tanktop,,,,,,,
,road4,,wsmok1,,tanktrak,,,,,,,
,road6,,wsmok2,,tanktrak1,,,,,,,
,rokt01,,wsmok3,,tanktrak2,,,,,,,
,rsmkring,,wtur01,,tanktrak3,,,,,,,
,rthigh,,wtur02,,tanktrks,,,,,,,
,rtorso,,wtur03,,tankwing,,,,,,,
,sam01,,wtur04,,tele15,,,,,,,
,sam02,,,,tele17,,,,,,,
,sam03,,,,tele29,,,,,,,
,sam04,,,,tele30,,,,,,,
,sam05,,,,tele31,,,,,,,
,sam06,,,,tele33,,,,,,,
,sam07,,,,tele34,,,,,,,
,sam08,,,,tele36,,,,,,,
,sam09,,,,tele37,,,,,,,
,sam10,,,,tele38,,,,,,,
,sam11,,,,tele39,,,,,,,
,sam12,,,,tele41,,,,,,,
,sand4,,,,tele42,,,,,,,
,sand5,,,,tele50,,,,,,,
,scout01,,,,tele51,,,,,,,
,scout02,,,,tele52,,,,,,,
,scout03,,,,tele53,,,,,,,
,scout04,,,,tele54,,,,,,,
,scout05,,,,tfram1,,,,,,,
,scout06,,,,tg_nuk01,,,,,,,
,scout07,,,,tg_nuk02,,,,,,,
,shatter1,,,,tg_nuk03,,,,,,,
,shatter2,,,,tp7sc,,,,,,,
,shatter3,,,,tpaccess,,,,,,,
,signback,,,,tptoa1,,,,,,,
,sizzle,,,,tptoa2,,,,,,,
,sky2,,,,tptoa3,,,,,,,
,sky2lite,,,,tptobrain,,,,,,,
,smk01,,,,tracer,,,,,,,
,smk02,,,,tracer1,,,,,,,
,smk03,,,,tran01,,,,,,,
,smk04,,,,tran02,,,,,,,
,smk05,,,,tran03,,,,,,,
,smk06,,,,tran04,,,,,,,
,snow_dirt,,,,tran05,,,,,,,
,sonicfly,,,,tran06,,,,,,,
,splashbase,,,,tran07,,,,,,,
,splashup,,,,tran08,,,,,,,
,spout1,,,,tran09,,,,,,,
,stack,,,,tran10,,,,,,,
,sulph_dirt,,,,tran11,,,,,,,
,tankback,,,,tran12,,,,,,,
,tankbotm,,,,trnch01,,,,,,,
,tankgn01,,,,trnch02,,,,,,,
,tankgn02,,,,trnch03,,,,,,,
,tankgn03,,,,trnch04,,,,,,,
,tankgn04,,,,trnch05,,,,,,,
,tankgn05,,,,trnch06,,,,,,,
,tanklite,,,,trnch09,,,,,,,
,tankpon1,,,,trnch10,,,,,,,
,tankpon2,,,,trnch11,,,,,,,
,tankside,,,,trnchr2,,,,,,,
,tanktop,,,,troprfl1,,,,,,,
,tanktrak,,,,troprfl2,,,,,,,
,tanktrak1,,,,troprfl3,,,,,,,
,tanktrak2,,,,tsmok1,,,,,,,
,tanktrak3,,,,tsmok2,,,,,,,
,tanktrks,,,,tsmok3,,,,,,,
,tankwing,,,,tstatic,,,,,,,
,tg_nuk01,,,,turb01,,,,,,,
,tg_nuk02,,,,turb02,,,,,,,
,tg_nuk03,,,,turb03,,,,,,,
,tracer,,,,turb04,,,,,,,
,tracer1,,,,turb05,,,,,,,
,trnch01,,,,turb06,,,,,,,
,trnch02,,,,turb07,,,,,,,
,trnch03,,,,turb08,,,,,,,
,trnch04,,,,turb09,,,,,,,
,trnch05,,,,turb10,,,,,,,
,trnch06,,,,vid01,,,,,,,
,trnch09,,,,vid02,,,,,,,
,trnch10,,,,vid03,,,,,,,
,trnch11,,,,vid04,,,,,,,
,trnchr2,,,,vid05,,,,,,,
,tsmok1,,,,vid06,,,,,,,
,tsmok2,,,,vid07,,,,,,,
,tsmok3,,,,vid08,,,,,,,
,tunceil1,,,,vid09,,,,,,,
,tunroad1,,,,vtol01,,,,,,,
,tunwall1,,,,vtol02,,,,,,,
,turb01,,,,vtol03,,,,,,,
,turb02,,,,vtol04,,,,,,,
,turb03,,,,vtol05,,,,,,,
,turb04,,,,vtol06,,,,,,,
,turb05,,,,vtol07,,,,,,,
,turb06,,,,vtol08,,,,,,,
,turb07,,,,vtol09,,,,,,,
,turb08,,,,vtol10,,,,,,,
,turb09,,,,vtol11,,,,,,,
,turb10,,,,vtol12,,,,,,,
,vid01,,,,vtol13,,,,,,,
,vid01a,,,,vtol14,,,,,,,
,vid01b,,,,vtol15,,,,,,,
,vid01b3,,,,watexp01,,,,,,,
,vid01c,,,,watexp02,,,,,,,
,vid01c1,,,,watexp03,,,,,,,
,vid01c3,,,,watexp04,,,,,,,
,vid01e,,,,watexp05,,,,,,,
,vid01f1,,,,watexp06,,,,,,,
,vid01h,,,,watexp07,,,,,,,
,vid01i,,,,watexp08,,,,,,,
,vid02,,,,watexp09,,,,,,,
,vid03,,,,watexp10,,,,,,,
,vid04,,,,watexp11,,,,,,,
,vid05,,,,watrcar01,,,,,,,
,vid06,,,,watrcar02,,,,,,,
,vid07,,,,watrcar03,,,,,,,
,vid08,,,,watrcar04,,,,,,,
,vid09,,,,watrcar05,,,,,,,
,vtol01,,,,watrcar06,,,,,,,
,vtol02,,,,watrcar07,,,,,,,
,vtol03,,,,watrcar08,,,,,,,
,vtol04,,,,watrcar09,,,,,,,
,vtol05,,,,watrcar10,,,,,,,
,vtol06,,,,watrcarv01,,,,,,,
,vtol07,,,,watrcarv02,,,,,,,
,vtol08,,,,watrcarv03,,,,,,,
,vtol09,,,,watrcarv04,,,,,,,
,vtol10,,,,watrcarv05,,,,,,,
,vtol11,,,,watrcarv06,,,,,,,
,vtol12,,,,watrcarv07,,,,,,,
,vtol13,,,,watrcarv08,,,,,,,
,vtol14,,,,watrcarv09,,,,,,,
,vtol15,,,,watrcarv10,,,,,,,
,warn01,,,,watrct01,,,,,,,
,warn02,,,,watrct02,,,,,,,
,wsmkring,,,,watrct03,,,,,,,
,wsmok1,,,,watrct04,,,,,,,
,wsmok2,,,,watrct05,,,,,,,
,wsmok3,,,,watrct06,,,,,,,
,,,,,watrct07,,,,,,,
,,,,,watrct08,,,,,,,
,,,,,watrct09,,,,,,,
,,,,,watrct10,,,,,,,
,,,,,watrcv01,,,,,,,
,,,,,watrcv02,,,,,,,
,,,,,watrcv03,,,,,,,
,,,,,watrcv04,,,,,,,
,,,,,watrcv05,,,,,,,
,,,,,watrcv06,,,,,,,
,,,,,watrcv07,,,,,,,
,,,,,watrcv08,,,,,,,
,,,,,watrcv09,,,,,,,
,,,,,watrcv10,,,,,,,
,,,,,watrp01,,,,,,,
,,,,,watrp02,,,,,,,
,,,,,watrp03,,,,,,,
,,,,,watrp04,,,,,,,
,,,,,watrp05,,,,,,,
,,,,,watrp06,,,,,,,
,,,,,watrp07,,,,,,,
,,,,,watrp08,,,,,,,
,,,,,watrp09,,,,,,,
,,,,,watrp10,,,,,,,
,,,,,wsmkring,,,,,,,
,,,,,wsmok1,,,,,,,
,,,,,wsmok2,,,,,,,
,,,,,wsmok3,,,,,,,